"recorded_date","btc_price","market_cap_usd","volume_usd"
"2025-10-10","121718.66757742","2425643508379.29","70251676816.29"
"2025-10-11","113043.67586322","2255299161767.25","144943015938.36"
"2025-10-12","110655.26975977","2208268263699.54","107157298680.41"
"2025-10-13","115060.88417839","2296145057231.31","94708784245.21"
"2025-10-14","115226.58429002","2297230038136.12","69763980483.05"
"2025-10-15","113066.35078450","2255593612790.77","90869410253.53"
"2025-10-16","110844.40417181","2207806038542.88","69122428610.59"
"2025-10-17","108168.17353437","2154964541836.46","84082093222.60"
"2025-10-18","106483.89143638","2122018970045.22","93367527992.41"
"2025-10-19","107210.09610996","2137453218003.54","34274045674.98"
"2025-10-20","108655.50525005","2165876768810.40","45408363377.73"
"2025-10-21","110535.86301374","2204762231502.62","60485991981.36"
"2025-10-22","108301.75462476","2160928131234.67","106023290697.84"
"2025-10-23","107591.46050940","2146123605489.61","83845139284.72"
"2025-10-24","110109.30522516","2194925940893.78","56491079757.07"
"2025-10-25","111030.18337865","2213139524569.58","48872190916.66"
"2025-10-26","111631.63726548","2226000980105.02","23134490005.06"
"2025-10-27","114419.22169690","2282298627073.11","42750060282.17"
"2025-10-28","114085.33123757","2275880103405.92","63590066600.18"
"2025-10-29","112893.85203625","2252121103480.70","66364500455.87"
"2025-10-30","110026.08762020","2195202860989.23","63857391864.36"
"2025-10-31","108409.37992493","2159719137272.11","72745717851.83"
"2025-11-01","109566.60661881","2184958376796.88","58440602313.49"
"2025-11-02","110066.94174052","2194472770726.02","25245930840.49"
"2025-11-03","110499.52238346","2206951286346.51","36196258871.74"
"2025-11-04","106451.70653263","2125234946159.28","74958013879.91"
"2025-11-05","101480.76659610","2027117373395.17","112885195780.55"
"2025-11-06","103878.93359970","2072420580091.91","77092678814.22"
"2025-11-07","101261.64551046","2019505617727.35","64007649509.20"
"2025-11-08","103191.75606683","2061483488853.90","93538572265.22"
"2025-11-09","102286.82524827","2040163403275.17","50894858647.51"
"2025-11-10","104610.22853608","2088246864454.09","60194546960.34"
"2025-11-11","105951.49599988","2113691346622.18","68564010180.83"
"2025-11-12","103112.21006199","2055081880355.95","70852634666.84"
"2025-11-13","101633.69431606","2025171098463.44","63477601852.15"
"2025-11-14","99480.30709081","1989587716654.16","102195102447.31"
"2025-11-15","94772.61435799","1883528419611.11","115272175140.32"
"2025-11-16","95380.13316661","1906286799108.28","54387419306.12"
"2025-11-17","94188.27668925","1879821625636.49","72739120446.03"
"2025-11-18","92100.36452361","1836812997467.34","95883316484.15"
"2025-11-19","92903.18008511","1852965766035.44","103824226263.22"
"2025-11-20","91408.35733440","1824001855237.55","82382857264.53"
"2025-11-21","86618.47155915","1730169291917.76","99655978116.58"
"2025-11-22","85087.95256265","1696834479574.69","134153421262.55"
"2025-11-23","84675.50764856","1689663589864.32","42625485730.97"
"2025-11-24","86740.11773876","1731240703090.29","60729919440.15"
"2025-11-25","88256.04395604","1760876158638.04","77456583961.58"
"2025-11-26","87317.00455057","1742579106347.71","67713695255.76"
"2025-11-27","90515.94357835","1805319494740.83","69936036009.33"
"2025-11-28","91323.62827620","1821686350208.87","59468780651.36"
"2025-11-29","90904.86767345","1814035459752.68","62799469481.11"
"2025-11-30","90832.18685385","1812771321410.94","39065687179.61"
"2025-12-01","90359.86873170","1804580223118.83","41014032387.06"
"2025-12-02","86303.89766361","1722165915578.81","91924719323.90"
"2025-12-03","91320.07942506","1823014041001.28","82893667270.35"
"2025-12-04","93428.59451478","1867918440559.54","81350005230.39"
"2025-12-05","92119.19047832","1838202452874.24","67905527468.52"
"2025-12-06","89264.22915486","1783420367861.12","51013012514.85"
"2025-12-07","89227.45274823","1781473275096.99","24891684287.77"
"2025-12-08","90398.44875659","1802958541728.72","34924915303.03"
"2025-12-09","90626.03734312","1808501444019.75","45380679058.39"
"2025-12-10","92686.10402025","1850293655502.18","54394509374.27"
"2025-12-11","91986.58107214","1837368941062.52","52450001646.09"
"2025-12-12","92525.86800263","1847119089483.34","52726615852.24"
"2025-12-13","90260.54242242","1801893841647.41","67594286634.23"
"2025-12-14","90253.11813342","1802028910320.90","35192318973.68"
"2025-12-15","88184.41093067","1760354230589.36","34281959962.42"
"2025-12-16","86413.22138098","1725206666830.81","50413200076.56"
"2025-12-17","87719.68139799","1753485223429.68","48224383878.12"
"2025-12-18","86196.82137335","1718910200047.37","49522842150.10"
"2025-12-19","85450.17964791","1705923883033.44","58379753047.76"
"2025-12-20","88091.69571217","1758617508011.99","51459353843.35"
"2025-12-21","88348.27802016","1763949555471.37","16933441829.08"
"2025-12-22","88672.32967905","1769182018548.07","22542141406.09"
"2025-12-23","88489.72404150","1767230408064.26","42394679738.15"
"2025-12-24","87496.14669239","1745170281695.87","48245169577.69"
"2025-12-25","87589.01664997","1749380269942.66","28866214135.26"
"2025-12-26","87192.23473670","1741524937162.25","22750463865.46"
"2025-12-27","87303.04428037","1743265213477.92","46518276271.20"
"2025-12-28","87852.98655230","1753170406449.78","15521583398.70"
"2025-12-29","87867.03943449","1753776420254.88","17379845114.74"
"2025-12-30","87154.68240605","1740448227093.12","53486264296.64"
"2025-12-31","88363.72223634","1765901370591.86","39887379620.64"
"2026-01-01","87575.04615968","1748854230148.61","39392066176.06"
"2026-01-02","88764.12624075","1772643389813.64","20428177253.74"
"2026-01-03","89978.91920362","1796943351423.44","45168875313.07"
"2026-01-04","90614.40684382","1809678441959.28","22325348071.74"
"2026-01-05","91879.57722570","1834987309777.03","26083966420.13"
"2026-01-06","93879.94797345","1874977643561.64","55002520537.92"
"2026-01-07","93649.63197641","1870414277860.59","54207403508.29"
"2026-01-08","91286.03314398","1823249641248.36","43637876514.89"
"2026-01-09","91027.66616984","1818127709176.31","45523345076.78"
"2026-01-10","90551.71363174","1808660912220.57","40577564756.71"
"2026-01-11","90420.29795171","1806081524434.71","13130560424.19"
"2026-01-12","90856.55910152","1814830239671.20","18738794931.94"
"2026-01-13","91200.62761512","1821743571887.90","44068501423.76"
"2026-01-14","95429.15732243","1906249903552.02","62945393253.68"
"2026-01-15","96898.76071082","1935642376552.28","61382472736.98"
"2026-01-16","95593.30783681","1909607764838.51","55642771728.33"
"2026-01-17","95523.18619825","1908245771104.62","34566775915.67"
"2026-01-18","94802.88170432","1893940780540.75","339120955.93"
"2026-01-19","93344.21948491","1864801600128.91","21298841865.42"
"2026-01-20","92566.01277952","1849293615306.66","39097643741.28"
"2026-01-21","88416.88686187","1766441725515.51","56511733044.13"
"2026-01-22","89453.90473720","1787198131481.95","57881569376.13"
"2026-01-23","89483.65163015","1787836917555.19","36359870189.77"
"2026-01-24","89524.84864062","1788698866227.46","39792198050.71"
"2026-01-25","89149.95970930","1781238125881.88","15238062167.10"
"2026-01-26","86625.33128140","1730823322190.62","36938952712.34"
"2026-01-27","88249.90141827","1763317661992.50","46474269066.90"
"2026-01-28","89141.65035979","1781169624000.16","36377691323.13"
"2026-01-29","89212.20824183","1782608191361.90","42462716313.97"
"2026-01-30","84630.42066738","1691092174731.01","65376348930.41"
"2026-01-31","84091.63017683","1680358897717.73","75170512251.04"
"2026-02-01","78647.02739790","1571576493914.89","71926455760.11"
"2026-02-02","76895.58665593","1536578056063.66","48233643712.96"
"2026-02-03","78670.58922753","1572047321851.00","73991985457.52"
"2026-02-04","75628.04173331","1511249141910.28","72233317228.07"
"2026-02-05","73059.17986714","1460053444889.37","68374355882.45"
"2026-02-06","62778.21756635","1254617718584.40","129134440971.83"
"2026-02-07","70272.52223141","1404422427900.45","126396906616.23"
"2026-02-08","69245.78200906","1383938789934.49","64250664588.41"
"2026-02-09","70398.08503297","1407004286702.89","40089087531.67"
"2026-02-10","70175.14749174","1402584286978.94","53925112157.06"
"2026-02-11","68841.87237645","1376158047090.43","41873860130.19"
"2026-02-12","67090.57933965","1340996637525.71","52281220867.26"
"2026-02-13","66258.52954947","1324400733134.65","45369992005.59"
"2026-02-14","68837.58112430","1375985529045.61","40892558813.50"
"2026-02-15","69799.55096263","1395251772208.45","36727480881.00"
"2026-02-16","68778.84298480","1374891409746.76","40162771612.07"
"2026-02-17","68859.77618747","1376546726938.17","34628731308.79"
"2026-02-18","67559.29573332","1350583353307.69","35232805957.96"
"2026-02-19","66426.61953459","1327971882876.08","33982301570.40"
"2026-02-20","66976.02936411","1338989802249.39","32382298212.42"
"2026-02-21","68002.94011063","1359548508149.92","50312214815.71"
"2026-02-22","68026.03124327","1360035939392.75","19319150166.17"
"2026-02-23","65192.18870120","1303412071350.42","21560319889.52"
"2026-02-24","64737.90196985","1294359253920.92","48924949103.35"
"2026-02-25","64073.54894567","1281109347803.10","41350119554.20"
"2026-02-26","67850.10521283","1356652404814.32","47180923359.08"
"2026-02-27","67496.84163950","1349617910213.30","39031524535.38"
"2026-02-28","65891.22197699","1317542293327.24","37742232580.72"
"2026-03-01","67017.07604772","1340085381689.69","41709946431.88"
"2026-03-02","65824.42166938","1316266670911.06","38811585997.48"
"2026-03-03","68815.93633884","1376116545555.92","54357544833.32"
"2026-03-04","68287.46303403","1365575947099.49","46018172072.02"
"2026-03-05","72752.30156666","1454892523976.92","73011893269.32"
"2026-03-06","70868.21819644","1417251399988.94","47524397870.04"
"2026-03-07","68142.88312388","1362780115876.56","39123856299.45"
"2026-03-08","67339.67440057","1346745070785.42","21800679517.85"
"2026-03-09","66042.75107903","1320834944584.20","30233312686.23"
"2026-03-10","68430.60926017","1368620260015.31","43658034305.22"
"2026-03-11","69849.20353051","1397023116314.94","45913537650.75"
"2026-03-12","70028.95987601","1400647685843.04","384518713.10"
"2026-03-13","70417.19388568","1408442180116.17","35693537178.31"
"2026-03-14","70838.93230193","1416903889270.98","53200875874.64"
"2026-03-15","71149.28238854","1423139472519.36","20019694459.73"
"2026-03-16","72934.29407187","1458870696938.54","24398877932.70"
"2026-03-17","74679.37090810","1493807199550.59","46895173926.53"
"2026-03-18","74004.69080881","1480319012450.27","41402228682.37"
"2026-03-19","71220.04730260","1424617668656.04","39350060117.86"
"2026-03-20","69936.19932094","1398936802273.28","38065438932.54"
"2026-03-21","70526.28915958","1410740394689.49","32603143140.64"
"2026-03-22","68424.07687772","1368689752020.26","19470795501.03"
"2026-03-23","67933.42948138","1358875311053.49","25352216480.72"
"2026-03-24","70987.25185406","1419961051288.59","46905271506.27"
"2026-03-25","70528.86345596","1410791888450.60","32603022085.42"
"2026-03-26","71303.58545062","1426288685822.98","31347153732.47"
"2026-03-27","68727.21229012","1374753382709.40","45867404479.40"
"2026-03-28","66329.88185741","1326825214972.88","43169558848.59"
"2026-03-29","66388.84446013","1328338671604.50","21059002641.19"
"2026-03-30","65947.03192608","1319528951993.39","22702400222.70"
"2026-03-31","66691.27147787","1334447058898.83","34064201546.29"
"2026-04-01","68107.47456405","1362813266728.11","51983877859.27"
"2026-04-02","67959.87524726","1362985792271.11","48409464466.14"
"2026-04-03","66887.51063938","1341478723293.23","48489330158.05"
"2026-04-04","66822.55230312","1340175935595.45","27881704293.28"
"2026-04-05","67077.15005328","1345282082641.03","18349404855.73"
"2026-04-06","69002.03847938","1383887150218.58","23859752469.91"
"2026-04-07","68672.24657456","1377272928532.07","46866527625.05"
"2026-04-08","71661.76372428","1437229916180.85","59114621689.25"
"2026-04-09","70644.79416157","1416833835992.31","42187302136.26"
"2026-04-10","71367.80291659","1431334313769.72","41307213904.32"
"2026-04-11","72920.25491187","1459433492592.44","32133663126.53"
"2026-04-12","73021.85968305","1461495718539.03","20344402241.87"
"2026-04-13","70660.63961180","1414271995223.85","25034828600.59"
"2026-04-14","74481.64142860","1490782825115.71","46453393066.74"
"2026-04-15","74297.34759500","1487131028728.58","48364585958.61"
"2026-04-16","74826.31308826","1497750345420.94","30548536736.73"
"2026-04-17","75111.95674548","1503501691790.53","37873936871.25"
"2026-04-18","77125.73357198","1543846478607.01","56342990648.44"
"2026-04-19","75716.15083727","1515666221261.28","62821159706.72"
"2026-04-20","73841.02173809","1478167516521.32","57237273536.28"
"2026-04-21","75858.03546791","1518576144441.98","38028896900.98"
"2026-04-22","76326.19170243","1527978534936.17","36823423505.23"
"2026-04-23","78238.81675009","1566300505390.83","43578270461.27"
"2026-04-24","78275.32582746","1567060751418.82","35972701648.49"
"2026-04-25","77447.61757992","1550525699949.49","30716822790.47"
"2026-04-26","77634.51592193","1554301467547.47","16174475761.22"
"2026-04-27","78637.74356150","1574424193250.40","20900479735.89"
"2026-04-28","77366.78442217","1549011607727.60","36623099926.90"
"2026-04-29","76331.86443470","1528322543597.08","31323204486.62"
"2026-04-30","75784.95743625","1517396428631.65","40874217836.06"
"2026-05-01","76296.79648443","1527677404068.30","30542237537.27"
"2026-05-02","78207.76425490","1565978464498.25","38346005217.71"
"2026-05-03","78677.42463272","1575399064359.23","17470305785.68"
"2026-05-04","78512.09246456","1572088532218.11","21039106932.47"
"2026-05-05","79825.87511296","1598395086667.69","52799152390.06"
"2026-05-06","80913.96137493","1620321738625.60","39631525763.17"
"2026-05-07","81436.85936825","1630826287118.41","40136984275.35"
"2026-05-08","80024.90767231","1602589764458.08","36710760520.09"
"2026-05-09","80197.26699770","1606077785283.55","33093795788.66"
"2026-05-10","80677.64981724","1615741619629.04","17383014966.84"
"2026-05-11","82018.37112439","1645004741191.12","19419025189.86"
"2026-05-12","81627.56604995","1637166543583.56","28389853562.45"
"2026-05-13","80482.14377829","1611939835949.31","30589600639.61"
"2026-05-14","79288.84208656","1588073918775.33","32707131746.75"
"2026-05-15","81059.11595417","1623569996402.96","42298040589.51"
"2026-05-16","79068.66840414","1583735228276.76","36216900888.56"
"2026-05-17","78132.75351269","1565026633721.21","23762381350.06"
"2026-05-18","77428.51866052","1550931401030.00","20316786825.92"
"2026-05-19","76959.40571528","1541593557490.70","42702548815.68"
"2026-05-20","76758.73155866","1537607115376.39","27147623318.03"
"2026-05-21","77470.39614899","1551898053923.31","26876818823.91"
"2026-05-22","77550.38308320","1553532857238.05","26822828450.40"
"2026-05-23","75478.38285863","1512062217726.08","28286947097.46"
"2026-05-24","76684.37097078","1536256575896.32","30932098861.22"
"2026-05-25","77016.06581860","1542935472694.08","21763916479.84"
"2026-05-26","77258.39912361","1547829534321.98","19879317349.28"
"2026-05-27","75851.10409562","1521310703337.92","21937550660.28"
"2026-05-28","74339.61694703","1489416527418.85","34389389567.33"
"2026-05-29","73651.64255141","1477197114898.15","33586238604.42"
"2026-05-30","73500.91507629","1474174043264.29","38828038484.70"
"2026-05-31","73820.30385315","1479111074457.09","18374444051.15"
"2026-06-01","73598.66812382","1474670238472.38","16617912637.66"
"2026-06-02","71320.29306465","1429084366219.41","48870728373.43"
"2026-06-03","66727.26415498","1337077983137.81","61786877126.26"
"2026-06-04","64046.61064609","1283384941923.17","43649392701.86"
"2026-06-05","63810.65923841","1278676276214.78","60995145201.17"
"2026-06-06","60960.10140035","1221584775490.50","45506430145.39"
"2026-06-07","60855.25426528","1219483734629.13","31010313650.45"
"2026-06-08","63273.53743064","1267943921370.26","33326211424.64"
"2026-06-09","63069.14779266","1263848139632.93","32495793038.07"
"2026-06-10","61669.76384195","1235805762898.25","35017939157.84"
"2026-06-11","61480.14443283","1232005963062.11","26327022779.71"
"2026-06-12","63555.66181108","1273749779296.11","28342001883.94"
"2026-06-13","63532.27782485","1273309909632.20","26198317555.21"
"2026-06-14","64408.80975376","1290903457306.59","16875136749.72"
"2026-06-15","65709.31094599","1316997723207.27","21124197393.11"
"2026-06-16","66292.50117922","1328716312457.85","30758717645.23"
"2026-06-17","65619.28080038","1315255606491.97","25251031908.03"
"2026-06-18","64444.54532967","1291736519936.95","31384852552.08"
"2026-06-19","62897.23855525","1260755460004.28","30204028640.80"
"2026-06-20","63489.81094753","1272662339486.11","23645282131.21"
"2026-06-21","64253.39869532","1287998314407.33","18855396681.67"
"2026-06-22","63255.48525259","1268020785738.68","16915246357.83"
"2026-06-23","63937.28526422","1281722561349.07","27569840544.50"
"2026-06-24","62662.29201922","1256197234338.49","30689271786.41"
"2026-06-25","60989.57352152","1222695488973.65","43171393360.53"
"2026-06-26","59726.73653481","1197409796612.75","41007492811.18"
"2026-06-27","60022.32566638","1203364318622.97","39614814581.67"
"2026-06-28","59953.44334401","1202013480250.06","16056335655.74"
"2026-06-29","59494.60638632","1192836694280.23","17361816169.78"
"2026-06-30","60152.35872064","1206050822293.07","32075473636.03"
"2026-07-01","58566.09199184","1174271521060.03","32381442094.95"
"2026-07-02","59967.68504172","1202400598943.65","39101214529.09"
"2026-07-03","61490.21448472","1232955847657.32","40481809940.94"
"2026-07-04","62553.61289177","1254308594105.59","26816869526.90"
"2026-07-05","63088.40675385","1265061539174.82","19151546833.43"
"2026-07-06","63586.10214102","1275068261445.60","18666512398.73"
"2026-07-07","64001.23542391","1283414917919.91","36365921502.67"
"2026-07-08","63335.30929081","1270088861350.05","31452448064.45"
"2026-07-09","62247.13048221","1248292438971.08","27882580909.18"
"2026-07-10","63192.87897203","1267284402881.53","26707343178.32"
"2026-07-11","64110.97482197","1285721301995.12","27782860991.66"
"2026-07-12","63791.35305345","1279338966428.72","14235365169.72"
"2026-07-13","63746.65595793","1278471632284.21","19015013213.73"
"2026-07-14","62278.96301586","1249064515645.42","31361911542.92"
"2026-07-15","64983.51907428","1303338246252.65","32016409409.07"
"2026-07-16","64717.16889113","1298025137560.82","28397592354.34"
"2026-07-17","63792.28742743","1279500217318.55","27825917044.49"
"2026-07-18","63904.95401494","1281784159472.13","28871351366.18"
"2026-07-19","64795.70382304","1299683566530.66","15451966881.21"
"2026-07-20","64670.40117471","1297204952087.91","16372745607.75"
"2026-07-21","65184.92144270","1307555290285.98","32520098295.98"
"2026-07-22","66520.98164576","1334382819959.68","30875118859.10"
"2026-07-23","66077.05646514","1325502184529.70","28939202566.32"
"2026-07-24","65052.47667068","1304974799855.86","25573855466.75"
"2026-07-25","64092.64739795","1285752729182.67","26949656279.25"
"2026-07-26","64318.24520120","1290305361316.31","14475620140.07"
"2026-07-27","65343.82451085","1310910033816.32","14859985103.95"
"2026-07-28","63701.35288115","1277986670016.65","25830118462.16"
"2026-07-29","63881.94327944","1281635447724.16","24427415031.02"
"2026-07-30","63916.59794922","1282357106740.25","28201903973.51"
"2026-07-31","64743.33714554","1298974060219.32","26380169353.79"
"2026-08-01","62820.08613814","1260419444191.85","29578746588.72"
"2026-08-02","62772.57726413","1259498179475.97","13867068846.90"
"2026-08-03","63504.41559755","1274211082116.05","15928756965.75"
"2026-08-04","63465.19968911","1273453221607.54","25488990096.92"
"2026-08-05","64062.17372978","1285462929668.30","22979346232.88"
"2026-08-06","64608.70538836","1296457212673.46","23456084571.95"
"2026-08-07","64262.74830979","1289540648880.61","18543020925.31"
"2026-08-08","64879.75608559","1301953613966.19","21708815799.30"
"2026-08-09","64917.23929331","1302733775497.50","12399729091.28"
"2026-08-10","64856.09782538","1301536386806.13","12957668413.09"
"2026-08-11","63915.71213557","1282693235981.20","20628873466.31"
"2026-08-12","63537.55988965","1275130714721.03","20095612608.80"
"2026-08-13","63408.62569711","1272571233715.51","22071166502.05"
"2026-08-14","63429.17906287","1273011889393.64","18868048226.44"
"2026-08-15","62984.28959583","1264110816166.42","20141227880.90"
"2026-08-16","63031.04825976","1265078583959.12","10409218158.40"
"2026-08-17","62843.70368466","1261349110988.95","9661851536.94"
"2026-08-18","64491.34528295","1294439197690.87","21603650491.52"
"2026-08-19","64686.25782562","1298351388299.50","18173594957.82"
"2026-08-20","69291.01042978","1390775763079.55","43990704909.20"
"2026-08-21","73020.94563441","1465641224678.06","54562051680.34"
"2026-08-22","78317.77716346","1571956674056.35","71451157995.00"
"2026-08-23","77081.02299001","1547133140402.38","36689774596.61"
"2026-08-24","77712.32009247","1559804231557.78","29643785728.59"
"2026-08-25","78973.88693602","1585379062421.76","51335516518.74"
"2026-08-26","78511.23311161","1576126744181.30","42844457202.96"
"2026-08-27","79018.03405751","1586333891398.66","28508064828.85"
"2026-08-28","80268.37474708","1611476640675.19","33271382525.81"
"2026-08-29","77820.76428719","1562365617022.76","36320805552.04"
"2026-08-30","78225.13950818","1570516817114.23","15083877886.53"
"2026-08-31","77658.23133225","1559173121661.49","18928816149.24"
"2026-09-01","78552.77932896","1577171863083.27","29723745445.38"
"2026-09-02","77416.44110980","1554389755370.46","30118812390.41"
"2026-09-03","77297.13347192","1552036311658.52","26617233991.01"
"2026-09-04","81264.70153039","1631720768263.59","39842820911.98"
"2026-09-05","79671.25767420","1599775191734.44","35605666977.43"
"2026-09-06","79821.69873180","1602832641649.69","18822345309.30"
"2026-09-07","80329.34784600","1613068250021.68","19671698954.25"
"2026-09-08","79093.46418984","1588284950144.60","23156361224.11"
"2026-09-09","78450.75303870","1575415387009.95","36832978946.46"
"2026-09-10","78283.06047169","1572081359789.26","34938279858.59"
"2026-09-11","76554.98664973","1537413069633.69","30257901047.74"
"2026-09-12","77203.53444806","1550479277152.12","35407367571.02"
"2026-09-13","77261.62722070","1551683581240.42","15195615506.93"
"2026-09-14","76819.04496747","1542831471374.27","16138951580.83"
"2026-09-15","78173.35158344","1570066504182.92","32369566520.95"
"2026-09-16","75590.24471973","1518224622698.22","39803154169.40"
"2026-09-17","76146.81236784","1529436748434.99","30782581511.83"
"2026-09-18","76371.36172031","1533982493868.17","23628097103.02"
"2026-09-19","80873.58287659","1624449753756.77","44737458821.40"
"2026-09-20","81236.41383660","1631766599626.88","24055616822.50"
"2026-09-21","81169.03511950","1630456856533.65","23789617808.47"
"2026-09-22","86596.74004250","1739520328890.67","61251744760.23"
"2026-09-23","86183.29442788","1731252948699.25","43496653159.94"
"2026-09-24","84382.39990357","1695109174253.20","43737548353.46"
"2026-09-25","84377.96508360","1695061262169.53","38044738930.24"
"2026-09-26","84075.71659040","1689021200315.20","35904911385.48"
"2026-09-27","84416.71498165","1695916693389.41","18033182350.13"
"2026-09-28","84448.75015162","1696599373991.09","21929060307.61"
"2026-09-29","83479.25433561","1677138373123.67","41541721154.86"
"2026-09-30","83640.10160068","1680405670009.95","29007802596.08"
"2026-10-01","83576.13460018","1679120514824.05","35066512389.82"
"2026-10-02","84841.66634358","1704652759050.20","33100807361.31"
"2026-10-03","84506.46895964","1697953579634.35","45423081877.15"
"2026-10-04","84742.78638479","1702737315286.27","14790418116.02"
"2026-10-05","86489.73482687","1737878978541.30","17426360350.68"
"2026-10-06","85770.87224574","1723479563822.40","31361712130.87"
"2026-10-07","85540.08713739","1718883142480.07","26923752236.97"
"2026-10-08","83282.04538340","1673545872851.79","39447580075.09"
"2026-10-09","81685.88692244","1641512859266.02","39567263858.60"
"2026-10-10","82712.26008231","1662180503533.06",NULL
